,,,,,,,,,Prospective Consumer as on 01.09.14,,,,,,,,,,
GOMD,TSC,Sub-Station,Consumer,Initial CD(MVA),Final CD (MVA),Application Date,Feasibility request Received,Feasibility request Sent,Feasibility Report Received,Feasibility Report sent,Detail request Received,Detail request Sent,Detail  Report Received,Detail  Report sent,Latest Status,From,Sent To,Date,Remark
GOMD-I,TSC-I,Burdwan,Rajdev Ispat Pvt. Ltd.,3,6,11.02.2005,,,,,,22/10/05,,,Silent,CE(TSC),SE(E/Z),22/10/05,CE/TSC/NS-RIPL/2457
GOMD-I,TSC-I,Burdwan,Santi Rice Mills (P) Ltd.,0.6,0.6,15.05.2006,,,,,,,,05/04/07,Detail Report,CE(TSC),CE(PSR),05/04/07,CE/TSC/NS-SRMPL/20
GOMD-I,TSC-I,Burdwan,Shiv Shankar Rice Mill,0.5,0.5,15.05.2006,,,,,,,,06/04/07,Detail Report,CE(TSC),CE(PSR),06/04/07,CE/TSC/NS-SRMPL/21
GOMD-I,TSC-I,Burdwan,Sri Shankar Rice Mill,0.5,0.5,15.05.2006,,,,,,,,07/04/07,Detail Report,CE(TSC),CE(PSR),07/04/07,CE/TSC/NS-SRMPL/22
GOMD-I,TSC-I,Burdwan,Nittyakali Rice Mill,5,5,02/02/12,,17/02/12,20/04/12,05/05/12,,,,,Feasibility Report,CE(TSC),CE(PSR),05/05/12,E-mail 
GOMD-I,TSC-I,Burdwan,Shyam Sel & Power Ltd.(New),4.2,4.2,17/12/12,10/01/13,15/01/13,23/03/13,23/03/13,,,,,Feasibility Report,CE(TSC),CE(PSR),23/03/13,
GOMD-I,TSC-I,Burdwan,Krishna Tissues Pvt. Ltd. (132KV),8,13.3,17/06/13,15/07/13,15/07/13,03/09/13,04/09/13,,,,,Feasibility Report,CE(TSC),CE(SPE),15/07/13,
GOMD-I,TSC-I,Howrah,EllenBarrie Industrial Gases Ltd,4.5,4.5,09/04/12,09/04/12,09.04.12 03.05.12,03.05.12 02.07.12,07/07/12,,,,,Feasibility Report,CE(TSC),CE(PSR),07/07/12,Feasibility route submitted by the consumer to be checked by Division. request sent on 20.01.2015
GOMD-I,TSC-I,Kharagpur,Mangal Steel Enterprises Ltd.,2,2,12/05/08,,,,,,,,,Feasibility Report,CE(Coml.),Consumer,11/08/08,Coml./PS/MSEL/Kharagpur/1718  Not Feasible
GOMD-I,TSC-I,Kolaghat,Essel Kitchenware Ltd.,1.5,3,29/05/12,26/10/12,01/11/12,05/12/12,14/12/12,,,,,Feasibility Report,CE(TSC),CE(PSR),14/12/12,
GOMD-I,TSC-I,Kolaghat,Nirmal Wires Pvt. Ltd. (132KV),1.5,3,24/07/13,30.08.13 09.11.13,24.08.13 11.11.13,10.09.13 18.12.13,10.09.13 18.12.13,,,,,Feasibility Report,CE(coml),consumer,23/06/14,Not Feasible
GOMD-I,TSC-I,Kolaghat,Krishna Tissues Pvt. Ltd. (132KV),5,5,11/07/13,23/09/13,23/09/13,22.10.13 18.12.13,22.10.13 18.12.13,,,,,Feasibility Report,CE(coml),consumer,23/06/14,Not Feasible
GOMD-II,TSC-II,Burnpur,"DPSC Limited, Ikra S/S",10,15,16.11.2007,,27/10/09,,,,,,,Silent,CE(TSC),DCE(E/Z),27/10/09,CE/TSC/NS-DPSCL(IKRA)/1470
GOMD-II,TSC-II,Burnpur,"DPSC Limited, Hirapur S/S",5,10,16.11.2007,,27/10/09,,,,,,,Silent,CE(TSC),DCE(E/Z),27/10/09,CE/TSC/NS-DPSCL(IKRA)/1470
GOMD-II,TSC-II,Burnpur,Rohit Ferro Tech Ltd.(220 KV),33,99,12.07.2006,,,,,,,,26/06/07,Detail Report,CE(TSC),CE(PSR),26/06/07,CE/TSC/NS-RFTL/641  (NOT COMPLETED AS THEY SHOWN THE TERMINATION ETC.)
GOMD-II,TSC-II,Burnpur,Vikash Smelters Limited (220KV),10,60,18.12.2006,,,,27/09/11,,,,,Feasibility Report,CE(TSC),CE(PSR),27/09/11, Only BW
GOMD-II,TSC-II,Burnpur,Goyal MG Gases Pvt. Ltd.,12,12,19.12.2006,,,,,,18/04/07,,,Silent,CE(TSC),DCE(E/Z),18/04/07,CE/TSC/NS-GMGGPL/102
GOMD-II,TSC-II,Burnpur,Burn Statndard Co. Ltd.,1.5,1.5,24/01/14,03/02/14,03/02/14,15/04/14,17/04/14,,,,,Feasibility Report,CE(TSC),CE(SPE),17/04/14,
GOMD-II,TSC-II,Kalyaneshwari,"Brahmi Impex Limited,(132KV)",12,54,03.07.2007,,27/03/10,,,,,,,Silent,CE(TSC),SE(E/Z),27/03/10,CE/TSC/NS-BIL/2543
GOMD-II,TSC-II,Kalyaneshwari,Adhunik Corporation Ltd.,5,70,03.07.2007,,24/07/07,,,,,,,Silent,CE(TSC),SE(E/Z),24/07/07,               CE/TSC/NS-ACL/854              SILENT
GOMD-II,TSC-II,Kalyaneshwari,Hira Smelters (Pvt.) Ltd. (applied for final CD of 9 MVA),2,9,18.11.2009,,,,,,,,,Silent,CE(Coml.),Consumer,09/09/10,Reminder IV Coml./PS/HS(P)L/Kalyaneswari/1411
GOMD-II,TSC-II,Kalyaneshwari,Hira Iron Pvt. Ltd. ,50,50,15/11/11,,,,20/03/12,,,,,Detail Report ,CE(Coml.),Consumer,04/10/13,letter from Coml to consumer for submission of NOC from WB Pollution control board on 08.09.14
GOMD-II,TSC-II,Kalyaneshwari,Padma Iron Products Pvt. Ltd.,12,22.5,16/11/11,30/03/13,30/03/13,27/04/13,02/05/13,31.03.12 23.09.13,06.06.12 23.09.13,04/12/13,21/01/14,Detail Report ,CE(TSC),CE(SPE),21/01/14,
GOMD-II,TSC-II,Kalyaneshwari,Impex Steel Ltd. (132KV),24,30,28/12/12,,,,,,,,,Silent,CE(Coml.),CE(PSR),01/03/12,Coml./PS/ISL/Kalyaneswari/8277
GOMD-II,TSC-II,Kalyaneshwari,Ambay Coke Indistries (P) Ltd,5,5,23/08/11,16/11/12,17.11.12 18.05.13,03/01/14,03/01/14,,,,,Feasibility Report,CE(TSC),CE(SPE),03/01/14,
GOMD-II,TSC-II,KUMARDHUBI,"Ma Chandi Durga Ispat Ltd., Nala (at 132 KV)",5,70,05.07.2007,,,,,,,,,Silent,CE(Coml.),Consumer,18/02/10,Last Reminder sent from commercial
GOMD-II,TSC-II,KUMARDHUBI,Shri Ram Dhatu Udyog (Pvt.) Ltd.,3.5,3.5,30.05.2005,,,,,,,,,Silent,CE(Coml.),Consumer,11/07/10,Coml./PS/SRDUPL/Kumardubi/1840
GOMD-II,TSC-II,KUMARDHUBI,Ma Chandi Durga Ispat Ltd.(at Neersa),5,5,05.07.2007,,,,,,,,,Silent,CE(Coml.),Consumer,18/02/11,Last Reminder sent from commercial on 
GOMD-II,TSC-II,KUMARDHUBI,Mcnally Sayaji Engineering Ltd.,1.2,1.2,19/10/11,,,,,14/04/12,16/04/12,22/08/12,23/08/12,Detail report,CE(TSC),CE(PSR),23/08/12,waiting for Constn. Clearance. Route profile already handed over to consumer as advised by PSR
GOMD-II,TSC-II,KUMARDHUBI,Dolphin Engineering Works,1,1,08/07/08,08.03.13 10.04.13,13.03.13 11.04.13 17.05.13,31/12/13,02/01/14,,,,,Feasibility Report,CE(TSC),CE(SPE),02/01/14,
GOMD-II,TSC-II,KUMARDHUBI,"BCCL, Dahibari",1.5,6.5,09.05.13 14.02.2014,13.07.13 19.08.14,15.07.13 14.02.14 19.08.14,,11/11/13,,,,,Feasibility Report,CE(Coml.),Consumer,20.01.2015,Revised survey report sent.
GOMD-II,TSC-II,KUMARDHUBI,ER Kumardhubi,9,9,23/07/14,02/09/14,02/09/14,,,,,,,Feasibility Report,CE(TSC),CE(SPE),14.11.14,Feasibility report sent
GOMD-II,TSC-II,Maithon,"ECL, Dhanbad",40,40,01.12.2009,,,,,,,,,Feasibility Report,CE(Coml.),Consumer,26/05/10,Coml./PS/ECL/Maithon/556
GOMD-II,TSC-II,Maithon L/B,Adhunik Corporation Limited (Neersa),5,70,06.07.2007,,,,,,,,,Silent,CE(Coml.),Consumer,05/08/10,        Revised Coml./PS/ACL/Purulia/1123 (No response)
GOMD-II,TSC-II,Raghunathpur,Adhunik Corpn Ltd.,70,125,24/08/07,,,,,,,,,Silent,,,24/08/07,
GOMD-II,TSC-II,Raghunathpur,Bankura Dri Mining Manufacturers Co. Pvt. Ltd.,1,2.5,28/04/09,,,,,,,,,Silent,CE(Coml.),Consumer,15/07/09,Coml./PS/BDMMCPL/1149
GOMD-II,TSC-II,Ramkanali,Lakshmi Steel Industries (P) Ltd.,12,20,05/08/08,,30/10/08,,,,,,,Silent,CE(TSC),SE(E/Z),30/10/08, CE/TSC/NS-LSI(P)/L/1709 (letter issued from Coml. for confirmation of Mouza which is not confirmed by the consumer)
GOMD-II,TSC-II,Ramkanali,Rashmi Metaliks Ltd. at 132 KV,5,20,02.06.2009,,,,,,,,,Detail Report,CE(Coml.),Consumer,09/01/12,Coml./PS/RCL/Jamuria/7619
GOMD-II,TSC-II,Ramkanali,SRMB Srijan Limited (132 KV),100,300,25/08/08,,,,,,,,,Silent,,,25/08/08,
GOMD-II,TSC-II,RTPS,Emami Cement Ltd.,1,12,05/09/14,15/09/14,17/09/14,"31.10.14, 17.11.14","31.10.14, 18.11.14",,,,,Detail requested,CE(TSC),DCE(E/Z),15.01.15,"One report from RTPS has been forwared from SPE to Coml. on 10.11.14, another report from Ramkanali has been forwarded from CE(TSC) to SPE on 18.11.14 Detail survey requested on 15.01.15 (at 33KV and 132KV) LOI issued"
GOMD-III,TSC-II,PURULIA,Bokaro Alloys Ltd.,0.5,10,04/06/13,02.07.13 07.02.14,03.07.13 07.02.14,30/12/13,31.12.2013 04.12.2014,,,,,Feasibility Report,CE(TSC),CE(SPE),04.12.14,
GOMD-III,TSC-II,Purulia,Jai Balaji Sponge Limited,15,590,29/03/07,,,,,,,,,Silent,,,29/03/07,
GOMD-III,TSC-II,Purulia,Shyam Steel Industries Ltd.(at 220 KV),2,135,03/12/07,,,,,,,,,Silent,,,03/12/07,email
GOMD-III,TSC-II,Purulia,Pragati Cement (India) Pvt. Ltd.,1,2,28/05/12,20.06.12 31.07.12,20.06.12 01.08.12,10/09/12,11/09/12,,,,,Feasibility Report,CE(TSC),CE(PSR),11/09/12,no further advice received
GOMD-IV,TSC-III,BIADA,Shree Ram Alloys & Ingots Pvt. Ltd.,4,6,28/01/10,,07/12/05,,,,,,,Silent,CE(TSC),SE(E/Z),07/12/05,Silent
GOMD-IV,TSC-III,BIADA,Sundaram Steels Pvt. Ltd.,0.2,0.5,19/02/09,,,,,,,,,Silent,CE(Coml.),Consumer,10/05/10,Coml./PS/SSPL/BIADA/389
GOMD-IV,TSC-III,BIADA,JSEB(Ghorabali),20,20,27/01/10,18/02/12,20/02/12,31/10/12,05/11/12,,,,,Feasibility Report ,CE(TSC),CE(PSR),05/11/12,further advice for DS not received
GOMD-IV,TSC-III,BIADA,JSEB(Balidih),,15,11/11/13,27/11/13,28/11/13,17/01/14,17/01/14,,,,,Feasibility Report ,CE(TSC),CE(SPE),17/01/14,Both Gorabali & Balidih S/s are same S/s and earlier report still valid.
GOMD-IV,TSC-III,BIADA,Maa Kali Papers Ltd.,2,2,12/10/11,30/04/12,30/04/12,04/01/13,16/01/13,28/02/13,28/02/13,03/10/13,04/10/13,Detail Report,CE(Coml),Consumer,29/10/13,"Division has been requested to confirm the previous detail report is still valid (21.01.2015) Report sent on 13.02.2015, and the report is still valid."
GOMD-IV,TSC-III,BIADA,Kuber TMT Plant Pvt. Ltd.,0.5,1,11/12/08,10/05/12,11/05/12,02/11/12,09/11/12,28/01/13,28/01/13,01/03/13,04/03/13,Detail Report,CE(SPE),CE(Coml),15.03.2015,waiting for Constn. Clearance
GOMD-IV,TSC-III,BIADA,Amit Steel Pvt. Ltd,0.5,0.5,04.08.14,20.09.14,20.09.14,31.10.14,02.01.2015,,,,,Survey Report,CE(SPE),CE(Coml),07.02.15,"Estimate sent to Coml on Feb 7, 2015"
GOMD-IV,TSC-III,BIADA,Ashoka Foundry & Equipment (P) Ltd. ,0.5,0.5,06/08/14,13/08/14,13/08/14,06.01.15,08.01.15,,,,,Survey Report,CE(SPE),CE(Coml),09.02.15,"Estimate sent to Coml on Feb 9, 2015"
GOMD-IV,TSC-III,BIADA,"SER, Kurmidih, Bokaro Steel",1.5,1.5,17.11.14,20.11.14,20.11.14,,,,,,,Feasibility Requested ,CE(TSC),DCE(W/Z),20.11.14,
GOMD-IV,TSC-III,BIADA,Esh Ispat Pvt. Ltd.,3,5,20/12/2014,01.01.2015,,,,,,,,Feasibility Requested,CE(TSC),DCE(W/Z),01.01.2015,reqest sent to division 
GOMD-IV,TSC-III,BIADA,Eastern Naphtha-chem Pvt. Ltd.,0.5,0.5,,19.01.15,19.01.15,,,,,,,Survey Requested,CE(TSC),DCE(W/Z),19.01.15,
GOMD-IV,TSC-III,BTPS,Indian Explosives Ltd,2.5,2.5,28/11/11,,,,,12.05.12 04.07.12,14.05.12 04.07.12,09/11/12,14/09/12,Detail Report,CE(PSR),CE(Coml.),19/09/12,waiting for Constn. Clearance.
GOMD-IV,TSC-III,BTPS,Central Coalfields Limited (CCL) (Karo & Konar) (Bermo),16,16,29.02.2008,,,,24/02/12,24/09/12,24.09.12 28.02.13 03.04.13 20.05.13,03.05.13 22.08.13 & 10.06.14  (Revised),04.05.13 26.08.13 & 30.06.14 (Revised),Detail Report,CE(Coml),Consumer,27.01.2015,Report sent with Estimation sent
GOMD-IV,TSC-III,CTPS,JSEB (Kharpitto),5,5,30/08/13,21.10.13;  30.11.13,21.10.13; 30.11.13,19/12/13,20/12/13,01.08.14,04.08.14,,,Detail Requested,CE(TSC),CE(SPE),20/12/13,Detail Survey will be carried out by M/s G.D. Surveyers(P) Ltd. WO issued for detail survey on 16.12.2014. 50% survey completed.
GOMD-IV,TSC-III,DHANBAD,Ambay Cement,0.75,0.75,14/01/08,26/03/10,27/03/10,,24/11/12,05/10/13,10.05.13,,,Detail Requested,CE(TSC),"SDE,TSC-III",10.05.13,"DS is under progress, Severe ROW observed, however consumer is liasioning with villagers."
GOMD-IV,TSC-III,DHANBAD,Dudani Fuels (P) Ltd.,0.5,0.75,15.03.2010,,02.09.10 ; 27.03.12,04/04/12,04/06/12,06/07/12,13/06/12,24/11/12,30/11/12,Detail Report,CE(Coml.),Consumer,17/12/12,waiting for Constn. clearance
GOMD-IV,TSC-III,DHANBAD,JSEB(Godhar),14,14,,18/08/12,20.08.12 08.10.12 26.04.13 16.09.13 27.09.13 29.03.14,25/09/13,,,,,,Feasibility requested,,SE(W/Z),29.03.14 & 16.07.14,"After long persuasion and several meeting, JSEB given consent for utilising their infrastructure in line with earlier feasibility survey."
GOMD-IV,TSC-III,DHANBAD,Synergy Polypacks Pvt. Ltd.,0.75,0.75,14/12/12,01/10/13,11.01.13 17.05.13,,,,,,,Feasibility Requested,CE(TSC),SE(W/Z),01/11/13,report not received form site. REMINDER SENT
GOMD-IV,TSC-III,DHANBAD,Balaji Roller Flour Mills (P) Ltd.,1,1,27/11/13,02/12/14,02/12/14,28/04/14,30/04/14,19.01.15,20.01.15,,,Detail Requested,CE(TSC),DCE(W/Z),20.01.15,
GOMD-IV,TSC-III,GIRIDIH,Maa Hi-Tech Steels Private Limited,3,3,09.03.2007,26/03/07,11/04/07,,,,,,,Silent,CE(TSC),SE(W/Z),11/04/07,Silent
GOMD-IV,TSC-III,GIRIDIH,Vinayak Iron & Coke Pvt. Ltd.,1.5,1.5,23.08.2007,,09/06/07,,,,,,,Silent,CE(TSC),SE(W/Z),09/06/07,Report not received. Consumer silent. Report will be sent shortly
GOMD-IV,TSC-III,GIRIDIH,Niranjan Metallic Ltd.,1,10,20.11.2006,,13/03/09,,,,,,,Silent,CE(TSC),SE(W/Z),13/03/09,Report not received from WZ (Div sent report on 26.03.2007)
GOMD-IV,TSC-III,GIRIDIH,Sri Suryam Steels Pvt. Ltd.,3,3,14.10.2004,,,,22/01/08,,,,,Feasibility Report,CE(TSC),CE(PSR),22/01/08,further advice for DS not recie
GOMD-IV,TSC-III,GIRIDIH,Deepshikha Paper Private Limited,0.4,0.4,11.11.2008 30.12.2014,08.01.2015,09.01.2015,,,,,,,Survey Requested,CE(TSC),DCE(W/Z),09.01.15,
GOMD-IV,TSC-III,GIRIDIH,Balaji Hi-Tech Rolling Pvt. Ltd.,0.3,0.3,20.02.2008,,,,,,10/02/09,18/05/13,18/05/13,Detail Report,CE(TSC),CE(PSR),18/05/13,not interested
GOMD-IV,TSC-III,GIRIDIH,Biswanath Ferro Alloys Ltd.,0.5,0.5,11.04.2008,,,,,,,,02/09/11,Detail Report,CE(TSC),CE(PSR),02/09/11,waiting for Constn. Clearance
GOMD-IV,TSC-III,GIRIDIH,Sri Langta Baba Steels (P) Ltd.,4,6,11.06.2007 06.01.2010,20.03.12 30.06.12,21.03.12 30.06.12,20/06/13,20/06/13,27.11.14,27.11.14,,,Detail Requested,CE(TSC),DCE(W/Z),27.11.14,
GOMD-IV,TSC-III,GIRIDIH,Ruby Oxygen Pvt. Ltd.,0.5,0.5,09.05.2007,,,,,27/04/12,27.04.12 14.09.12,29/12/13,09/01/13,Detail Report,CE(Coml.),Consumer,22/12/2014,Send to Consumer with estimated cost of survey charge & service charge
GOMD-IV,TSC-III,GIRIDIH,Nanak Hi-Tech (P) Ltd.,1,1,05.05.2009,,,,,12/05/12,14/05/12,05/12/12,12/12/12,Detail Report,CE(PSR),CE(Coml.),15/01/13,waiting for Constn. Clearance
GOMD-IV,TSC-III,GIRIDIH,Govind Iron & Steels Pvt. Ltd.,3.5,9,09.06.2009,05.11.12 11.04.13,05.11.12 11.04.13,12/09/13,12/09/13,,,,,Feasibility Report ,CE(TSC),CE(SPE),12/09/13,No longer intersted Now (05.04.2014)
GOMD-IV,TSC-III,GIRIDIH,Kasturi Multisolutins Pvt. Ltd.,0.5,1,28/10/13,01/02/14,01/02/14,,10/06/14,09/08/14,11/08/14,,,Detail Requested,CE(TSC),DCE(W/Z),11/08/14,
GOMD-IV,TSC-III,GIRIDIH,Saluja Steel & Power (P) Ltd. Unit#1,,,21/03/14,05/05/14,06/05/14,,27/06/14,,,,,Feasibility Report,CE(TSC),CE(SPE),27/06/14,Shifting of tapping points
GOMD-IV,TSC-III,GIRIDIH ,Jyoti Hitech Industries Pvt. Ltd.,0.75,0.75,01/03/13,,,,,,,,,Feasibility Report,CE(TSC),CE(SPE),10.02.2015,Not Interest
GOMD-IV,TSC-III,GIRIDIH ,Jagran Steel & Power Pvt. Ltd.,1,2,20/02/12,20.06.12 11.04.13,20.06.12 11.04.13 20.05.13,,,,,,,Feasibility Report,CE(TSC),CE(SPE),10.02.15,Not Interest
GOMD-IV,TSC-III,GIRIDIH ,Sri Bir Ispat Pvt. Ltd.,5,5,07/01/13,19/04/13,20/04/13,,,,,,,Feasibility Report,CE(TSC),CE(SPE),10.02.2015,Not Interest
GOMD-IV,TSC-III,GIRIDIH (220KV),Adi Steel & Power Pvt. Ltd. (132KV),36,36,18.01.2010,30/06/12,30.06.12 20.05.13,06/11/13,12/11/13,,,,,Feasibility Report,CE(Coml),Consumer,04/12/13,
GOMD-IV,TSC-III,GIRIDIH (220KV),Shivam Iron & Steel co.Ltd. (132KV),15,15,,,,,23/02/12,,,,,Feasibility Report,CE(TSC),CE(PSR),23/02/12,no further advice received
GOMD-IV,TSC-III,GIRIDIH (220KV),Atibir Industries Co. Ltd. (220KV),8,8,,,,,,,,,,Feasibility Report,CE(PSR),CE(Coml.),07/03/12,no further advice received
GOMD-IV,TSC-III,GIRIDIH (220KV),Adi Ispat Pvt. Ltd.(132KV),,,33KV to 132KV,06.06.12 05.10.12,07.06.12 05.10.12 20.05.13,,,,,,,Feasibility Requested,CE(TSC),SE(W/Z),07/06/12,REMINDER SENT 
GOMD-IV,TSC-III,Patherdih,Mannet Exim Private Limited,1.2,1.2,15.03.2007,,16/04/07,,,,,,,Silent,CE(TSC),SE(W/Z),16/04/07,Silent
GOMD-IV,TSC-III,Patherdih,Shiv Shambhu Roller Flour Mills (P) Ltd.,0.5,0.5,11.01.2008,,25/01/08,,,,,,,Silent,CE(TSC),SE(W/Z),25/01/08,Revised guidelines has been requested by Div
GOMD-IV,TSC-III,Patherdih,"BCCL, Alagdiha, Trisa",10,10,16/10/12,26/10/12,02/11/12,,,,,,,Feasibility Requested ,CE(TSC),DCE(W/Z),02/11/12,Shifting Metering point from Golukdih to alagdih
GOMD-IV,TSC-III,GIRIDIH ,Subh Laxmi Multisolution Pvt. Ltd.,0.6,1,29/12/11,24/12/12,24.12.12 18.05.13,11/09/13,12/09/13,23/05/14,24/05/14,30.09.14,08.10.14,Detail Report,CE(TSC),CE(SPE),08.10.14,Report sent to SPE
GOMD-IV,TSC-III,Patherdih,JSEB (Dhaiya),17,17,19.06.2006,,,,,,,,,Feasibility Report ,CE(Coml.),Consumer,10/08/06,Coml./PS/JSEB/Dhaiya/Patherdih/1724   (not Possible)
GOMD-IV,TSC-III,Patherdih,Bihar Ispat Udyog ,1,5,19/06/12,16.07.12 28.12.12,16.07.12 07.01.13 17.05.13,,24/11/12,,,,,Feasibility Report ,CE(Coml.),Consumer,27.02.14,
GOMD-IV,TSC-III,Patherdih,IISCO Ltd. Chasnalla,8,8,06.09.2005,,,,,,,,,Detail Report,CE(Coml.),Consumer,15/09/09,Coml./PS/IISCOL/Chasnala/1875
GOMD-IV,TSC-III,Patherdih,"IISCO, Sitanalla",1,4,29.10.2007,,,,,,30/08/10,,,Silent,CE(TSC),SE(W/Z),30/08/10,CE/TSC/ND-IISCO(SITANALLA)/1350         (TERMINATION POINTS NOT SHOWN BY IISCO)
GOMD-IV,TSC-III,Patherdih,ONGC Ltd. JH#2,1,1,26/09/13,10.12.13 24.03.14,11.12.13 24.03.14,01/04/14,03/04/14,,,,,Feasibility Report,CE(Coml),Consumer,20.06.14,
GOMD-IV,TSC-III,Patherdih,"BCCL, Bastakola",12.5,12.5,22/01/14,22/02/14,,,28/02/14,,,,,Feasibility Report,,,28/02/14,Shifting Metering point from Golukdih to Chand Kuya. Requested to confirm two application from Goluckdih are same or not
GOMD-IV,TSC-III,Patherdih,"Tata Steel, Jamadoba (Enhancement)",7,13,Enhancement,14.11.12 17.11.13,15.11.12 19.01.13 18.05.13,,09/05/14,09/08/14,11/08/14,,04.02.15,Detail Report,CE(TSC),CE(SPE),04.02.15,
GOMD-IV,TSC-III,Patherdih/ Putki-Revised,SAIL JITPUR,4,4,,31/03/14,31/03/14,05/05/14,05/06/14,25.07.14,25.07.14,20.09.14,24.09.14,Detail Report,CE(SPE),CE(Coml.),09.10.14,Second source(feeder) from Putki - Jamadoba line. Report sent
GOMD-IV,TSC-III,Putki,ECR Matkuria,3.5,3.5,24/06/14,10/07/14,11/07/14,22.09.14,23.09.14,17.01.15,19.01.15,,,Detail Requested,CE(TSC),DCE(W/Z),19.01.15,"tapping from loc. 102 (2P) of Putki - HMFL, Bhuli feeder"
GOMD-IV,TSC-III,Ramgarh,"CCL, Barkakhana ",2,2,26.12.2007,17/04/13,20.04.13 26.08.13 14.01.15,,,,,,,Feasibility Requested,CE(TSC),SE(W/Z),20/04/13,Revised survey requested. Previous report was not feasible REMINDER
GOMD-V,TSC-IV,GOLA,Vishal Sponge Pvt. Ltd,0.5,1.5,21/10/11,14/04/12,16/04/12,,,,,,,Feasibility Requested,CE(TSC),SE(W/Z),16/04/12,could not be contacted.
GOMD-V,TSC-IV,GOLA,Yash Alloys Pvt. Ltd. - Unit-II,10,18,30.10.2009,,,25/06/10,28/06/10,,,,,Feasibility Report ,CE(TSC),CE(PSR),28/06/10,As per site i/c there is no construction activities in their site and they are least interest about drawing of power. Report awaited from DCE(W/Z)
GOMD-V,TSC-IV,GOLA,JSEB (Chargi),10,10,23.07.2009,,16/02/10,04/02/10,16/02/10,,,,,Feasibility Report ,CE(PSR),CE(Coml.),04/02/11,no further advice received
GOMD-V,TSC-IV,GOLA,Kameshwar Alloys & Steels Pvt. Ltd.,7.5,7.5,10.06.2009,,,,,01/09/14,24.10.11 01.09.14 14.11.14,,,Detail Report,CE(Coml.),Consumer,20.01.15,
GOMD-V,TSC-IV,HAZARIBAGH,JSEB (Ichak),5,5,23.06.2009,,,,,,,,,Silent,CE(Coml.),Consumer,08/07/09,Coml./PS/JSEB(Hazaribagh)/1068
GOMD-V,TSC-IV,HAZARIBAGH,"JSEB, Kedarari",10,10,23/06/09,,,,,,,,,Silent,CE(Coml.),Consumer,08/07/09,Coml./PS/JSEB(Hazaribagh)/1070
GOMD-V,TSC-IV,HAZARIBAGH,JSEB(Katkamsandi),5,5,23/06/09,,,,,,,,,Silent,CE(Coml.),Consumer,08/07/09,Coml./PS/JSEB(Hazaribagh)/1071
GOMD-V,TSC-IV,HAZARIBAGH,Jharkhand Integrated Power Ltd.,1,14.8,,01/09/12,12.09.12 16.10.12,,,,,,,Feasibility Report ,CE(TSC),CE(PSR),11/01/12,Not feasible. As RL-25KM and passes through RF & PF
GOMD-V,TSC-IV,KODERMA,Tirupati Ingots Private Limited,2.7,2.7,02.08.2005,,,,24/09/05,,,,,Feasibility Report ,CE(TSC),CE(PSR),24/09/05,CE/TSC/NS-TIPL/2281
GOMD-V,TSC-IV,KODERMA,Ram Janki Electrocasting Pvt. Ltd.,1.25,1.25,17.01.2007,,,,,,,,,Silent,CE(Coml.),Consumer,19/12/07,Coml./PS/Koderma/3001
GOMD-V,TSC-IV,KODERMA,JSEB (Jainagar),5,5,19.06.2009,,,,,,,,,Silent,CE(Coml.),Consumer,08/07/09,Coml./PS/JSEB(jainagar)/1069
GOMD-V,TSC-IV,KODERMA,JSEB (Chandwara),5,5,19.06.2009,,,,,,,,,Silent,CE(Coml.),Consumer,13/07/09,Coml./PS/JSEB(Chandwara)/1123
GOMD-V,TSC-IV,KODERMA,JSEB (Markachho),5,5,19.06.2009,,,,,,,,,Silent,CE(Coml.),Consumer,13/07/09,Coml./PS/JSEB(Markachho)/1113
GOMD-V,TSC-IV,KODERMA,JSEB(Doiyadih),5,5,08.06.2009,,,,,,,,,Feasibility Report,CE(Coml.),Consumer,17/02/12,Coml./PS/JSEB-Doiyadih/Koderma
GOMD-V,TSC-IV,KODERMA,JSEB(Tilaiya Basti),5,20,19.06.2009,,,,,,,,,Feasibility Report,CE(Coml.),CE(PSR),17/02/12,Coml./PS/JSEB-Telaiya basti/Koderma/8137
GOMD-V,TSC-IV,KODERMA,Jupitar Spun Pipes & Castings Pvt. Ltd.,5,30,16/07/12,26.10.12 11.02.13 16.02.13,01.11.12 11.02.13 19.02.13,20/02/13,20/02/13,,,,,Feasibility Report,CE(TSC),CE(PSR),20/02/13,Consumer not interested at this moment
GOMD-V,TSC-IV,KODERMA,Jharkhand Integrated Power Ltd.,0.5,5,08/11/11,,,,,08/06/12,13.06.12 26.12.12,21/02/13,22/02/13,Detail Report,CE(Coml),Consumer,16/07/13,waiting for Constn. Clearance
GOMD-V,TSC-IV,KODERMA,Chanda Roller Flour Mills Pvt Ltd,0.5,1,02/09/14,08/09/14,08/09/14,05/12/14,11/12/14,,,,,Feasibility Report,CE(SPE),CE(Coml.),07.02.15,report with estimate sent by e-mail
GOMD-V,TSC-IV,KODERMA (220KV),Shivam Iron & Steel co.Ltd.,2,5,06.07.2011,,,,17/11/11,31.11.12,02/11/12,,,Detail Report,CE(TSC),CE(SPE),09/01/14,No response or Interest received from consumer. Intimated to SPE on 09.01.14
GOMD-V,TSC-IV,KODERMA (220KV),Shivam Iron & Steel co.Ltd.,1,1,18/12/13,09.01.14 13.01.14 20.01.14,14.01.14 21.02.14,28/04/14,30/04/14,,,,,Detail Report ,CE(SPE),CE(Coml.),07.02.15,report with estimate sent by e-mail
GOMD-V,TSC-IV,KODERMA R/S,Sai Ferrous Ltd.,15,30,19.07.2004,,,,,,,,,Feasibility Report,CE(PSR),CE(Coml.),19/10/04,EDCON/SPM/NS/1248
GOMD-V,TSC-IV,KODERMA R/S,Laxmi Ispat Udyog,0.7,0.7,02.08.2007,,,,21/01/08,,,,,Feasibility Report,CE(TSC),CE(PSR),21/01/08,CE/TSC/NS-LIU/2202
GOMD-V,TSC-IV,North Karanpura,Rohne Coal Company Pvt. LTD.,20,20,19.05.2010,22/07/11,03/08/11,20/12/11,28/12/11,,,,,Feasibility Report,,,17/07/12,E-mail (for survey by consumer themselve) 17.07.12
GOMD-V,TSC-IV,North Karanpura,Monnet Daniels Coal Washeries Pvt. Limited,1.5,1.5,17.11.2006,,,02/05/13,04/05/13,24/09/12,22.02.07 24.09.12 17.12.12,18/04/12,21/04/12,Feasibility Report,CE(Coml),Consumer,25/07/13,Revised feasibility report sent
GOMD-V,TSC-IV,North Karanpura,"CCL, Magadh & Amrapali",5,20,05/12/12,06/04/12,06.04.12 24.05.12,23.05.12 08.06.12,12/06/12,01.10.12 09.04.13,01.10.12 09.04.13,02.11.12 29.05.13,02.11.12 06.06.13,Detail Report,CE(TSC),CE(PSR),06/06/13,Report sent without Layout drawing. Estimate to be prepared. Clarification asked from PSR yet to be received. A feasibility report sent from coml. to CCL on 22.01.14
GOMD-V,TSC-IV,North Karanpura,NTPC(at 132 KV),5,59,17.09.2009,,,,01/10/10,,,,,Feasibility Report,CE(TSC),CE(PSR),.10.2010,NTPC not interested coml. sent letter vide no. coml./PS/NTPC/North Karanpura/3586 dated 15.03.2011
GOMD-V,TSC-IV,Patherdih,Shree Vinayak Cement Co.,1.5,2.5,03/07/12,21/08/13,22/08/13,,,,,,,Feasibility Requested ,CE(TSC),DCE(W/Z),22/08/13,
GOMD-V,TSC-IV,Patratu,Shri Venkatesh Iron & Alloys (India) Ltd.,1,20,25.08.2005,,,,,,,,,Feasibility Report,CE(Coml.),Consumer,21/09/05,Coml./PS/SVI&AIL/Patratu/3085
GOMD-V,TSC-IV,Patratu,East Central Rly.,2,2,28.02.2005,,,,,,,,,Detail Report,CE(Coml.),Consumer,16/06/09,Coml./PS/ECRly/Patratu/816
GOMD-V,TSC-IV,Patratu,Maa Chinnamastika Cement and Ispat Pvt. Ltd.,10,10,,,,,,10/05/13,10/05/13,,,Detail Requested,CE(TSC),SE(W/Z),10/05/13,Detail survey request sent
GOMD-V,TSC-IV,Patratu,IAG Company Ltd.,2,2,23.02.2006,,,,,,04/10/08,18/04/12,21/04/12,Detail Report,CE(TSC),CE(PSR),21/04/12,Consumer not  Interested
GOMD-V,TSC-IV,Patratu,Jindal Steel & Power Ltd.,0.5,10,30.12.2009,,,,,,,,,Silent,,,30/12/09,
GOMD-V,TSC-IV,Putki,JSEB (Rajganj),10,10,19.05.2006,,06/06/06,,,,,,,Silent,CE(TSC),TSC-III,06/06/06,As gathered JSEB Not interested
GOMD-V,TSC-IV,Putki,JSEB (Bhuli),15,15,19.06.2006,,12/06/06,,,,,,,Silent,CE(TSC),SE(W/Z),12/06/06,CE/TSC/NS-JSEB(Bhuli)/807
GOMD-V,TSC-IV,Putki,JSEB (Barwadda) (Kandra),15,15,09.05.2006,,,,,,,,,Feasibility Report,CE(PSR),CE(Coml.),10/01/07,EDCON/SPM/NS/988
GOMD-V,TSC-IV,Putki,ONGC,3,3,21.12.2005,,,,,,06/03/08,,,Silent,CE(TSC),SE(W/Z),06/03/08,"CE/TSC/NS-ONGCL/2594   (Survey completed, but Land verification report not submitted by ONGCL vide letter dated 10.09.2008 of SE(W/Z)"
GOMD-V,TSC-IV,Putki,"BCCL, Moonidih",0.5,12.5,13/02/12,03/10/13,27.03.12 24.05.12 03.10.13,23.05.12 29.05.12,29.05.12 11.11.13,09.08.12 10.10.12,14.08.12 19.09.12 10.10.12,26/11/12,26/11/12,Feasibility Report,CE(Coml.),Consumer,27.02.14,Revised Feasibiility report sent consumer on 27.02.14. A reminder sent to Coml from SPE regarding further action to be taken
GOMD-V,TSC-IV,Putki,"BCCL, Kapuria",0.5,10,13/12/12,01/10/13,15.01.13 22.03.13 26.08.13(Revised),14.03.13,19/03/13,28.11.14,28.11.14,,,Detail requested,CE(TSC),DCE(W/Z),28.11.14,
GOMD-IV,TSC-III,Putki,Tata Steel Ltd.(Bhelatand)(CD enhancement - 12 to 19 MVA),19,19,Enhancement by 7MVA,,,,,26.05.12 10.12.12 & 24.06.14 (Of SE-SPE),26.05.12 10.12.12,21/02/13,22/02/13,Detail Report,CE(TSC),CE(SPE),18/12/2014,"By our Comml. wing. Later on Request of FSR/DSR on M/Circuit Tower/132KV Tower were received, for which Revised Detail survey completed, route profile received and submitted to SPE"
GOMD-V,TSC-IV,Ramgarh,Vananchal Ispat (Pvt.) Limited,3,3,30.08.2005,,,,,,10.01.06 23.04.12,,,Silent,CE(TSC),SE(W/Z),10.01.06 23.04.12,CE/TSC/NS-VIPL/3038 Div. talked to consumer. They will informed after re-thinking in few days regarding taking of power supply. Previous survey was done through forest & JJ due to this they have back out.
GOMD-V,TSC-IV,Ramgarh,Madhura Ingots & Steel Co. Pvt. Ltd.,2.95,2.95,22.03.2007,,,,,,,,,Feasibility Report,CE(Coml.),Consumer,04/04/08,Coml./PS/MI&SCPL/91
GOMD-V,TSC-IV,Ramgarh,"East Central Railway, Barkakhana",1.5,1.5,30.06.2008,,,,,,,,,Feasibility Report,Coml.,Consumer,23/02/11,Coml./PS/ECRly/Ramgarh/3209
GOMD-V,TSC-IV,Ramgarh,Ramgarh Sponge Iron Private Limited ,1,1,14.02.2006,,,,,,,,,Detail Report,,SE(W/Z),20/08/11,Revised estimate received from PSR and forwared to SE(W/Z) on 
GOMD-V,TSC-IV,Ramgarh,Aloke Steels Industries Pvt. Ltd.,10,10,,,,,03/03/12,,,,,Feasibility Report,CE(TSC),CE(PSR),03/03/12,location not identified
GOMD-V,TSC-IV,Ramgarh,Maa Chhinnmastika Sponge Iron Ltd.,5.2,5.2,25.08.2005,,,,30/03/12,,,,,Feasibility Report ,CE(TSC),CE(PSR),30/03/12,
GOMD-V,TSC-IV,Ramgarh,CCL (Sujia) (Karma),0.5,1.666,25.02.2010,,,,,26.04.12 14.08.13,26.04.12 14.08.13 13.09.13,23/07/14,25/07/14,Detail Report,CE(Coml),Consumer,25.08.14,
GOMD-V,TSC-IV,Ramgarh,Sri Durga Cement Company Limited,10,10,15.05.2006,17/07/12,17/07/12,02/11/12,13.06.12 09.11.12,,,,,Feasibility Report,CE(Coml),Consumer,01/08/13,Report sent to Consumer
GOMD-V,TSC-IV,Ramgarh,Rishi Cement Company Ltd.,0.6,0.6,12.09.2006,,,,30/03/12,13.07.12 09.08.12,09/08/12,,,Detail Report,CE(PSR),CE(Coml.),15/01/13,e-mail
GOMD-V,TSC-IV,Ramgarh,"Ramgarh Cantonment, Garrison Engineers",,,,01/08/14,02/08/14,,,,,,,Detail Requested,CE(SPE),CE(TSC),29/01/2015,For independent power supply from 33 KV Feeder. Survey completed. Report under preparation.
GOMD-V,TSC-IV,Ramgarh,"CCL Central Hospital, Naisarai",1,1,,30.01.15,31.01.15,,,,,,,Survey requested,CE(TSC),DCE(W/Z),31.01.15,
GOMD-VI,TSC-I,Aamdanga,Icore Super Cement Pvt. Ltd.,12,12,17/05/12,08.06.12 15.10.12,13.06.12 15.10.12 20.05.13,03/06/13,11/06/13,,,,,Feasibility Report,CE(TSC),CE(PSR),11/06/13,
GOMD-VI,TSC-I,Aamdanga,Shree PSP Ferro Alloys Pvt. Ltd.,5,20,29/03/12,18.08.12 15.10.12,18.08.12 15.10.12 20.05.13,11.10.12 03.06.13,11.10.12 11.06.13,,,,,Feasibility Report,CE(TSC),CE(PSR),12/06/13,
GOMD-VI,TSC-I,ASP,SAIL-Kobe Iron India Private Limited (132KV),46,92,06/03/13,21/03/13,21/03/13,21/09/13,22/10/13,,,,,Feasibility Report,CE(TSC),CE(SPE),22/10/13,Survey report with consent letter sent
GOMD-VI,TSC-I,ASP,C P Re-rollers Limited.,13,13,10/10/13,10/12/13,11/12/13,27/01/14,27/01/14,,,,,Feasibility Report,CE(SPE),CE(Coml),27/01/14,Consumer requested vide letter dated 16.01.14 to hold their application.
GOMD-VI,TSC-I,ASP,Adhunik Industres Ltd.,5.5,5.5,27/12/13,18/01/14,18/01/14,18/02/14,19/02/14,,,,,Survey Report,CE(TSC),CE(SPE),13.02.2015,
GOMD-VI,TSC-I,ASP,Shyam Sel & Power Ltd. ,10,10,07/05/14,29/05/14,5/29/2014 24/12/2014,05/07/14,05/07/14,,,,,Feasibility Report,CE(TSC),DCE(E/Z),23.12.2014,Previous survey will overload line as the M/s Bhaskar Srachi Fdr. may rise upto 525A so for alternative route resurvey will be conducted 
GOMD-VI,TSC-I,DTPS,Shyam Steel Industries Limited (132KV),15,15,22/12/2014,03.01.2015,03.01.2015,03.02.15,04.02.15,,,,,Survey report,CE(TSC),CE(SPE),04.02.15,
GOMD-VI,TSC-I,ASP,Amit Metaliks Ltd,12,12,30/12/2014,03.01.2015,03.01.2015,,,,,,,Survey requested,CE(TSC),DCE(E/Z),03.01.2015,Survey completed
GOMD-VI,TSC-I,BARJORA,Ashirwad Steels & Industries Ltd.,8,8,30.05.2005,,,,,,15.09.09 12.05.12,,14/05/12,Detail Report,CE(TSC),CE(PSR),14/05/12,Coml. has intimated consumer on 08.10.2013  to contact CE(TSC) with 28.10.2013 for survey work otherwise their name will struck-off
GOMD-VI,TSC-I,BARJORA,Calstar Steel Ltd.,10,10,13.06.2005,,,,,,,,,Detail Report,CE(Coml.),Consumer,24/08/09,Party Backed out and service charges has been refunded as per WBERC
GOMD-VI,TSC-I,BARJORA,Kharkia steels(P) Ltd. (132 KV),35,35,24.07.2008,,,,,,,,,Silent,,,24/07/08,Applicant not responding. Notice for cancellation sent in Oct' 14.
GOMD-VI,TSC-I,BARJORA,Bahubali Ferro Alloy Ltd.,10,19,31.07.2008,,,,20/03/12,09/08/12,14/08/12,12/10/12,15/10/12,Detail Report,CE(TSC),CE(PSR),15/10/12,"Detail survey completed, service charges claimed in Nov'12 but not deposited by the Party. They are not responding."
GOMD-VI,TSC-I,BARJORA,SRMB Srijan Ltd.(132 KV),45,85,01.09.2009,,,,,,,,07/01/12,Detail Report,CE(Coml.),Consumer,07/11/12,"Detail survey completed, service charges claimed in Nov'12 but not deposited by the Party. Pollution Clearance certificate is yet to be received by party. Additional allocation of land also not recd.  from WBIDC "
GOMD-VI,TSC-I,BARJORA,K. G. Ispat Private Limited,8.5,22.5,02.09.2009,03/07/12,03/07/12,25/07/12,05.07.10 26.07.12,,,,,Feasibility Report,CE(TSC),CE(PSR),26/07/12,"Power supply is not feasible due to non-avialability of power corridor. Supply thru' U/G cable has been explored. Lateron, Party is not showing interest."
GOMD-VI,TSC-I,BARJORA,Lalwani Ferro Alloys Pvt. Ltd. (33KVto132KV),12.75,19,27/07/11,,,,18/11/11,,,,,Feasibility Report,CE(TSC),CE(PSR),04.10.2013,
GOMD-VI,TSC-I,BARJORA,Samarpan Steels Pvt. Ltd.,6,30,08/05/12,05/06/12,18/07/12,17/08/12,18/08/12,29/03/13,29/03/13,26/06/13,01/07/13,Detail Report,CE(Coml.),Consumer,13/08/13,
GOMD-VI,TSC-I,BARJORA,Shristi Ispat & Alloys Ltd.,2.5,4,09/01/13,24/01/13,24/01/13,30/03/13,01/04/13,,,,,Feasibility Report,CE(Coml.),Consumer,20/09/13,"Route profile approved by SPE on 10.10.2013 Detail survey completed, service charges claimed in Sept'13 but not deposited by the Party. Party not showing interest."
GOMD-VI,TSC-I,BARJORA,Brahm Energy Pvt. Ltd. (132KV),20,60,,08/03/13,13.03.13 17.05.13,24/06/13,27/08/13,27/12/13,30/12/13,,,Detail Report,CE(TSC),CE(SPE),01/05/14,Coml sent a reminder to consumer for NOC from WB pollution control Board on 22.08.14. Party not submitted Pollution certificate. 
GOMD-VI,TSC-I,BARJORA,QVC Steels Pvt Ltd (132KV),15,40,04/04/13,01/05/13,02/05/13,24/06/13,24/08/13,,,,,Feasibility Report,CE(Coml),Consumer,04.10.13,Technical survey report is sent in 04.10.13. Party not deposited survey charges till date. Party not showing interest.
GOMD-VI,TSC-I,BARJORA,Kalimata Ispat Industries Pvt Ltd,1.2,1.2,10/04/13,14/05/13,15/05/13,01/06/13,11/06/13,24.08.13 03.12.13,24.08.13 03.12.13,,,Detail Report,CE(TSC),CE(SPE),29.11.14,
GOMD-VI,TSC-I,BARJORA,Steelex Electrocast (P) Ltd.,9,9,CD Enhancement,20/05/14,20/05/14,20/06/14,21/06/14,19/07/14,19/07/14,16/08/14,20/08/14,Detail Report,CE(SPE),CE(Coml),04/09/14,"construction work almost completed, It has been advised to connect the newly constructed feeder to Kharkia feeder as the earmarked bay is presently not ready/available"
GOMD-VI,TSC-I,BARJORA,Vidyaram Steels Pvt. Ltd.,0.5,4,26/02/2014,(SPE: 13/10/2014) 21.10.14,21.10.14,01.12.14,02.12.14,,,,,Feasibility Report,CE(Coml.),Consumer,17.12.2014,Report sent
GOMD-VI,TSC-I,DTPS,Dhanbad Fuels Limited,5,5,15.02.2010,,,,,,,,,Silent,CE(Coml.),Consumer,17/03/10,Coml./PS/DFL/4176
GOMD-VI,TSC-I,DTPS,Matangi Steels Pvt. Ltd.,3.5,3.5,25/10/13,04/11/13,07/11/13,17/12/13,17/12/13,,,,,Feasibility Report ,CE(TSC),CE(SPE),17/12/13,NOT FEASIBLE deu to non-availabiliy of power line corridor
GOMD-VI,TSC-I,DTPS,Super Smelters Ltd (DTPS),20,20,03/04/13,19.04.13 01.05.13 25.04.14 31.05.14,20.04.13 02.05.13 28.04.14 31.05.14,01.06.13 03.05.14 20.06.14,11.06.13 07.05.14 21.06.14,,,,,Feasibility Report,CE(SPE),CE(Coml),15.01.15,Proposal for diversion of DTPS-DPL line has been accepted by the consumer. SPE requested to coml to carry out the detail survey by consumer.
GOMD-VI,TSC-I,DTPS,Durgapur Cements Works (Birla Cements Ltd),-,-,18.08.14 (Tower conversion),20.09.14,20.09.14,04.12.14,04.12.14,,,,,Feasibility Report,CE(TSC),CE(SPE),04.12.14,Conversion of line from 33KV rail pole to 132KV tower. Part report sent. report on rest of the portion will be sent after completion of survey (Permision of DSP and DTPS may be required)
GOMD-VI,TSC-I,DTPS,"Shyam Ferro Alloys Ltd,",41,51,19.01.15,19.01.15,,,,,,,,Survey requested,CE(TSC),DCE(E/Z),19.01.15,
GOMD-VI,TSC-I,Durgapur,The Supreme Industries Ltd.,1,1,18.10.2004,,,,,,,,,Detail Report,CE(Coml.),Consumer,06/05/08,                  Coml./PS/TSIL/Durgapur/531                      Power from DPL
GOMD-VI,TSC-I,Durgapur,The Supreme Industries Ltd.,1.5,1.5,18.10.2004,,,,,,,,,Detail Report,CE(Coml.),Consumer,06/05/08,                  Coml./PS/TSIL/Durgapur/531                      Power from DPL
GOMD-VI,TSC-I,Durgapur,Ma Vaishnavi Ispat Udyog Pvt. Ltd.,7,7,24/09/13,28/10/13,28/10/13,24/12/13,24/12/13,18/03/14,19/03/14,13/05/14,13/05/14,Survey report,CE(SPE),CE(Coml),04.02.2015,Report sent to Coml.
GOMD-VI,TSC-I,Durgapur,Jagdamba Fiscal Services Pvt. Ltd.,4.5,36,21.06.2005,,,,07/07/08,,,,,Feasibility Report,CE(TSC),CE(PSR),07/07/08,on 
GOMD-VI,TSC-I,Durgapur,SRMB Srijan Ltd. (220KV),40,96.6,10/02/14,20/03/14,20/03/14,06/05/14,07/05/14,04/08/14,04/08/14,,,Detail Requested,CE(TSC),DCE(E/Z),04/08/14,WO issued for detail survey on 16.12.2014
GOMD-VI,TSC-I,Durgapur,Sarajit Food Products Pvt. Ltd.,0.5,0.5,30.06.2009,08/06/12,13/06/12,01/08/12,02/08/12,27.12.12 19.08.13,27.12.12 19.08.13,21/08/13,22.08.13 30.09.13,Detail Report,CE(SPE),CE(Coml),25/04/14,
GOMD-VI,TSC-I,Durgapur,Saran Alloys Private Ltd.,3,11,30.07.2009,,,,,,,,,Detail Report,CE(Coml.),Consumer,29/03/12,Coml./PS/SAPL/Durgapur/8740
GOMD-VI,TSC-I,Durgapur,RS Ispat Limited,7.5,7.5,30.03.2010,,,,,,,,,Silent,,,30/03/10,No Record
GOMD-VI,TSC-I,Durgapur,VSP Steel Pvt. Ltd.,4,15,04/06/12,23/06/12,23/06/12,27/07/12,27/07/12,07/02/13,07/02/13,21/08/13,22/08/13,Survey report,CE(SPE),CE(Coml),04.05.2015,
GOMD-VI,TSC-I,Durgapur,Calstar Sponge Ltd.,10,10,,18.08.12 29.05.14,20.08.12 31.05.14,20.11.12 19.08.14,20.11.12 23.08.14,,,,,Survey report,CE(TSC),CE(SPE),12.02.2015,Report sent route proposed by the applicant
GOMD-VI,TSC-I,Durgapur,R S Ispat Ltd.,10,10,25/03/10,10/01/13,15.01.13 17.05.13,18/05/13,18/05/13,,,,,Feasibility Report ,CE(TSC),CE(PSR),18/05/13,Not Feasible
GOMD-VI,TSC-I,Durgapur,Shree Mahalaxmi Corporation Pvt. Ltd.,3,5,01/03/13,21/03/13,21/03/13,17/05/13,17/05/13,,,,,Feasibility Report,CE(TSC),CE(PSR),17/05/13,"Not Feasible due to 18KM line, no corridor and no spare bay"
GOMD-VI,TSC-I,Durgapur,R S Concast Ltd.,8,15,10/04/13,14/05/13,15.05.13 19.08.13,20/08/13,20/08/13,,,,,Survey requested,CE(TSC),DCE(E/Z),10.02.15,Resurvey report requested as the tapping point changed
GOMD-VI,TSC-I,Durgapur,Macedon Indo Austrian Ventures Pvt. Ltd.,1.5,1.5,29/04/13,25/05/13,25/05/13,16/07/13,16/07/13,24/08/13,24/08/13,09/09/13,13/09/13,Detail Report,CE(Coml.),Consumer,04/10/13,
GOMD-VI,TSC-I,Durgapur,Durgapur Iron & Steel Ltd.,7,7,17/02/14,21/03/14,,,,,,,,Application,,,,"Consumer file a suit against DVC in 2009, advice requested from SPE REMINDER SENT"
GOMD-VI,TSC-I,Durgapur,Bhagwanji Ispat Pvt. Ltd.,3.3,3.3,10/03/14,02/04/14,,,,,,,,Application,,,,"Consumer file a suit against DVC 2009, advice requested from SPE REMINDER SENT"
GOMD-VI,TSC-I,Durgapur,Shivam Meltech (P) Ltd.,14,14,Enhancement,,,,,01/11/13,07/11/13,24/12/13,24/12/13,Detail Report,CE(SPE),CE(Coml),19/05/14,Report sent to coml.
GOMD-VI,TSC-I,Durgapur,Shyam Steel Industries Ltd.(at 33 KV),15,20,Enhancement,,,,,,,,,Detail Report,CE(TSC),CE(SPE),12.02.15,Report sent
GOMD-VI,TSC-II,Jamuria,Mahabir Techno Ispat Pvt. Ltd.,0.75,1.5,24.02.2009,,18/04/09,,,,,,,Silent,CE(TSC),SE(E/Z),18/04/09,CE/TSC/NS-MTIPL/118
GOMD-VI,TSC-II,Jamuria,"Eastern Railway, Jamuria",5,7.5,18.09.2014,25.09.14,,,,,,,,Feasibility Report,CE(SPE),CE(Coml),31.01.15,
GOMD-VI,TSC-II,Jamuria,Baba Smelters Pvt. Ltd.,5,5,12/12/13,20/02/14,21/02/14,15.11.14,18.11.14,,,,,Detail Report,CE(SPE),CE(Coml),7/2/2015,Report sent by e-mail with Estimation sent
GOMD-VI,TSC-II,Jamuria,Super Smelters Ltd. Unit -IV,7,7,18/11/13,21/03/14,22.03.14 24.09.14,09.10.14,24.10.14,,,,,Feasibility Report,CE(TSC),CE(SPE),24.10.14,
GOMD-VI,TSC-II,Jamuria,Shyam Sel & Power Ltd.(5MVA),5,5,06.03.14,23/04/14,28/04/14,27/06/14,,,,,,Feasibility Requested,CE(TSC),DCE(E/Z),28/04/14,Report received but requested to review the proposal. TSC-I has been requested to explore a corridor from DSTPS
GOMD-VI,TSC-II,Jamuria,"Maan Steel & Power Ltd.(G&A Metals (P) Limited)  (in application, Final CD: 1 MVA on 17.06.09",1,20,28.02.2008,,03.03.12 20.06.12,04/09/12,04/09/12,28/01/13,28.01.13 06.04.13 18.04.13,,23/04/13,Detail Report,CE(TSC),CE(PSR),23/04/13,
GOMD-VI,TSC-II,Jamuria,Shivam Dhatu Udyog Pvt. Ltd.,2,40,17.03.2008,,,,,,,,,Feasibility Report,CE(Coml.),Consumer,02/02/12,Coml./PS/SISCL/Koderma/7882
GOMD-VI,TSC-II,Jamuria,Rajshri Industries Private Ltd.,15,15,11.06.2008,,,,,,,,,Silent,CE(Coml.),Consumer,11/09/09,Coml./PS/RIPL/Jamuria/1854
GOMD-VI,TSC-II,Jamuria,Nigar Iron & Steel Co. Pvt. Ltd.,5,10,05.08.2008,,,,,,,,,Silent,CE(Coml.),Consumer,17/11/09,Coml./PS/NI&SCPL/Jamuria/2797
GOMD-VI,TSC-II,Jamuria,MB Sponge & Power Ltd.,0.8,13,19.02.09 27.08.12 (0.8MVA),24/12/12,27/12/12,22/02/13,"23.02.13,18.07.13",29/10/13,29/10/13,10/12/13,31.10.2009 11.12.13,Detail Report,CE(Coml.),Consumer,15/01/14,
GOMD-VI,TSC-II,Jamuria,"WBSEDCL, Jamuria",5,5,24/06/14,12.07.14 22.09.14 10.10.14,14.07.14 22.09.14 10.10.14,,14.11.14,,,,,Detail Report,CE(Coml.),Consumer,22/01/14,Estimate Sent to consumer As WBSEDCL constructed line their line which not as per DVC Spec. that may have to be maintained by Them.
GOMD-VI,TSC-II,Jamuria,Shree Ramdoot Rerolling Mills Pvt. Ltd.,14,16,08.06.2009,,,,,,,,,Silent,CE(Coml.),Consumer,11/12/09, Coml./PS/SRRMPL/Jamuria/3064       reminder for documents
GOMD-VI,TSC-II,Jamuria,AIC Metaliks Pvt. Ltd.,0.5,14,16.09.2009,31.12.2014,31.12.2014,,,,,,,Survey Report,CE(TSC),CE(SPE),12.02.15,Survey report sent
GOMD-VI,TSC-II,Jamuria,Shreegopal Concrete Pvt. Ltd.,3.5,12,21/02/13,20/04/13,22/04/13,28/09/13,01/10/13,07/12/13,07/12/13,16.10.14,21.10.14,Detail Report,CE(TSC),CE(SPE),21.10.14,
GOMD-VI,TSC-II,Jamuria,Dhanbad Fuels Limited,1,1,03/12/12,02.07.13 13.08.13,03.07.13 14.08.13,28/09/13,01/10/13,,,,,Feasibility Report,CE(TSC),CE(SPE),01/10/13,Report sent
GOMD-VI,TSC-II,Jamuria,Shivam Dhatu Udyog Pvt. Ltd.,7.2,7.2,29/07/13,08/08/13,12/08/13,28/09/13,01/10/13,,,,,Feasibility Report,CE(TSC),CE(SPE),01/10/13,Report sent
GOMD-VI,TSC-II,Jamuria,Pragati Wires Pvt. Ltd. ,1.5,2,18/09/13,28/10/13,28/10/13,10/12/13,17/12/13,20/02/14,21/02/14,04.11.14,13.11.2014,Detail Report,CE(Coml.),Consumer,12.12.2014,Detail report with estimated charge of survey & sevice charge sent to consumer
GOMD-VI,TSC-II,Jamuria,Pragati Vyapaar Pvt. Ltd.,2,2,,12/02/14,12/02/14,,11/06/14,,,,,Survey Report,CE(SPE),CE(Coml.),09.02.2015,Report with estimate sent to coml.
GOMD-VI,TSC-II,Jamuria,Rajashri Iron Industries Pvt. Ltd.,0.7,1,23/07/14,04/08/14,04/08/14,,,,,,,Feasibility Report,CE(Coml.),Consumer,29.01.15,e-mail
GOMD-VI,TSC-II,Kalipahari,DPSC Limited,75,75,,29/09/12,15.10.12 01.03.13 26.04.13,05/02/14,,,,,,Silent,CE(TSC),SE(E/Z),15/10/12,"Feasibility survey has been conducted, however, the same could not be finalized as the consumer is yet to decide on the position of the terminal arrangement and switchyard. REMINDER SENT report not from Div"
GOMD-VI,TSC-II,Kalipahari,DPSC Limited,35,45,08.06.2005,,,,,,,,,Silent,CE(PSR),CE(Coml),27/08/07,EDCON/SPM/NS/1508  (CD changed from 45 MVA to 100MVA)
GOMD-VI,TSC-II,Kalipahari,Super Smelters ltd. (132KV),30,30,16/11/11,,,,28/03/12,,,,,Feasibility Report ,CE(TSC),CE(PSR),28/03/12,may be shifted to Jamuria S/s using 220KV Mutli circuit tower. Their Acceptance is awaited from Dec'2012
GOMD-VI,TSC-II,Kalipahari,Gajanan Iron Private Ltd.,3,3,23.09.2005,,,,,,,,17/02/12,Detail Report,CE(TSC),CE(PSR),17/02/12,CE/TSC/NS-GIPL/2465 (Survey could not be done as contact details not valid)
GOMD-VI,TSC-II,Kalipahari,Eastern Railway (Kalipahari TSS) 132KV,15,15,,29/01/13,29.01.13 26.04.13 17.05.13 03.07.13,17.06.13 06.11.13,11/11/13,01/01/14,02/01/14,,,Detail Requested,CE(TSC),DCE(E/Z),02/01/14,Alternate TSS of ER has been submitted. Survey will be commenced soon.
GOMD-VI,TSC-I,MTPS,Times Ferro Alloys Limited,20,40,27/05/08,,,,,,,,,Silent,,,27/05/08,
GOMD-VI,TSC-I,MTPS,Kay Bee Ferro Alloys Pvt. Ltd.,7.5,10,30/09/08,,,,,,,,,Feasibility Report,CE(Coml.),Consumer,09/12/10,Requested to site for validity of the previous report on 06.08.13
GOMD-VI,TSC-I,MTPS,Tanushree Ispat Pvt. Ltd.,5,5,09/07/09,7/3/2012,03.07.2012 20.12.2012,03.08.12 08.02.13,02.05.11 04.08.12 08.02.13,,,,,Feasibility Report,CE(TSC),CE(PSR),08/02/13,
GOMD-VI,TSC-I,MTPS,U.K.Ispat & Power Pvt. Ltd.,5,5,12/01/10,,,,,,,,,Silent,CE(Coml.),Consumer,03/12/10,
GOMD-VI,TSC-I,MTPS,Nilkanth Ferro Pvt. Ltd. (Unit I),21,21,Enhancement,21/03/12,22/03/12,10/04/12,10/04/12,,,,,Feasibility Report,CE(TSC),CE(PSR),10/04/12,
GOMD-VI,TSC-I,MTPS,Nilkant Ferro Ltd. Unit-II,6,22,13/04/12,27/04/12,27/04/12,01/06/12,02/06/12,27/12/13,07/01/13,,26.05.14,Detail Report,CE(TSC),CE(SPE),26.05.14,
GOMD-VI,TSC-I,MTPS,Icore Super Cement Pvt. Ltd.,12,12,17/05/12,27/08/12,27/08/12,11/10/12,11/10/12,Proposed from Amdanga,,,,Feasibility Report,CE(TSC),CE(PSR),10/10/12,Proposed from Amdanga
GOMD-VI,TSC-I,MTPS,Shree PSP Ferro Alloys Pvt. Ltd.,5,20,29/03/12,18/08/12,18/08/12,11/10/12,11/10/12,Shifted to Amdanga,,,,Feasibility Report,CE(TSC),CE(PSR),11/10/12,
GOMD-VI,TSC-I,MTPS,JK Lakshmi Cement Ltd.,4,10,,,,01.12.14,02.12.14,,,,,Feasibility Report,CE(TSC),CE(SPE),02.12.14,
GOMD-VI,TSC-I,Parulia,Pioneer Iron & Steel Corporation Pvt. Ltd.,5,20,14.09.2005,,20/07/06,,,,,,,Silent,CE(TSC),SE(E/Z),20/07/06,CE/TSC/NS-PISCPL/891                       Only BW exist Again they intended to draw power
GOMD-VI,TSC-I,Parulia,Neptune Ispat Private Limited ,9,9,08.08.2007,,,,21/03/12,15.11.14,15.11.14,,,Detail Requested,CE(TSC),DCE(E/Z),15.11.14,
GOMD-VI,TSC-I,Parulia,Jagadamba Fiscal Services Ltd.(40 MVA),0.5,65,13.02.2008,,,,,,07/07/08,,,Silent,CE(TSC),SE(E/Z),07/07/08,
GOMD-VI,TSC-I,Parulia,Amit Ferro Alloys & Steel Pvt. Ltd.,9,27,21.01.2009,,,,,,,,,Survey Requested,CE(TSC),DCE(E/Z),27.01.15,
GOMD-VI,TSC-I,Parulia,Jai Shree Steels Pvt. Ltd.,9,9,27.04.2009,,,,,,,,,Silent,CE(Coml.),Consumer,20/04/09,
GOMD-VI,TSC-I,Parulia,U K Cement Pvt. Ltd.,2.5,3.5,08.01.2010,,,,08/03/11,07.06.12 05.11.12,13.06.12 06.11.12,20.11.12 15.01.13,20.11.12 15.01.13,Detail Report,CE(TSC),CE(PSR),15/01/13,
GOMD-VI,TSC-I,Parulia,Sharp Ferro Alloys Ltd. (220KV),0,0,33KV to 220KV,11/06/12,13/06/12,16/07/12,16/07/12,14/11/12,15/11/12,,05.12.14,Detail Report,CE(TSC),CE(SPE),05.12.14,Report sent with Original route profile
,TSC-IV,Patratu,K P Argo & Co.,0.5,0.5,10.12.2014,18.12.2014,19.12.2014,,,,,,,Feasibility Requested,CE(TSC),DCE(W/Z),19/12/2014,Requested to revised the report on 04.02.15
,,,129,1847.05,4142.866,,,,,,,,,,,,,,